expression_hex	value
28544943524154452a3133292f32	227
30	0
31	1
313030	100
3130302a54494352415445	3500
3130303030	10000
3130352a54494352415445	3675
3131302a54494352415445	3850
3132302a54494352415445	4200
3133352a54494352415445	4725
313530	150
3135302a54494352415445	5250
3136352a54494352415445	5775
32	2
3230	20
323030	200
3231302a54494352415445	7350
3234302a54494352415445	8400
323530	250
33	3
33302a54494352415445	1050
333030	300
333530	350
34	4
34302a54494352415445	1400
3437	47
3438	48
352a4d5553494352415445	5000
3530	50
35302a54494352415445	1750
353030	500
35303030	5000
3531	51
3532	52
3533	53
3534	54
3630	60
36302a54494352415445	2100
37352a54494352415445	2625
38302a54494352415445	2800
39302a54494352415445	3150
3939	99
4341325f47554e534c494e474552	2
4341325f4d454c4545	3
43415f424f554e4345	14
43415f464c4f4154	7
43415f464c59	2
43415f474c494445414e44434c494d42	3
43415f54484f4b	1
43415f5457494e5350494e	15
43455a505245	0
43455a52	0
444953434f	0
4453414c41524d	23
4453414d57545233	49
4453414d57545238	54
4453414d57545241	0
445342454445454e	218
4453424557415233	237
4453424b504f4f46	93
4453424e434532	95
44534344464d3734	652
4453434855434855	155
44534352554d424c	28
4453444f4f524131	72
4453444f4f524231	73
4453444f4f524331	74
4453444f4f524332	75
4453444f4f524432	77
4453454c45564131	78
4453454c45564132	79
4453454c45564133	80
445347484f535459	202
4453484f4f5031	191
4453484f4f5032	192
4453484f4f5033	193
44534b433430	690
4453524f434b5331	86
4453524f434b5333	88
445352554d424c45	91
445353334b3435	376
445353334b3530	387
445353334b3531	388
445353334b3533	390
445353334b3534	391
445353334b3536	393
445353334b3538	395
445353334b3539	396
445353334b3546	402
445353334b3633	406
445353334b3639	412
445353334b3733	422
445353334b3734	423
445353334b3831	436
445353334b3846	450
445353334b3930	451
445353334b3931	452
445353334b3933	454
445353334b3941	461
445353334b43424c	541
445353334b434253	540
445353334b44354c	561
44535452504f5752	142
44535a454c4441	173
44535f5741544552	0
4644454d4f32	0
4644454d4f33	0
4644454d4f35	0
4644454d4f36	0
4644454d4f37	0
4644454d4f42	0
47455f4e49474854534954454d7c47455f4e494748545350554c4c	3
47455f4e494748545350554c4c	1
47524144455f41	5
4d4152494f31	0
4d4152494f32	0
4d545f4249474d414345	282
4d545f424c5545425249434b444542524953	655
4d545f425249434b444542524953	652
4d545f42524f4b454e524f424f54	79
4d545f434f524b	536
4d545f4547474d4f42494c4534	73
4d545f454747524f424f31	76
4d545f47465a444542524953	651
4d545f4c485254	537
4d545f4c4f434b4f4e494e46	531
4d545f4d4554414c4a455446554d45	5
4d545f524544425249434b444542524953	654
4d545f52494e47	107
4d545f524f434b4352554d424c4531	635
4d545f524f434b4352554d424c453130	644
4d545f524f434b4352554d424c4533	637
4d545f524f434b4352554d424c4537	641
4d545f524f434b4352554d424c4539	643
4d545f534d414c4c4d414345	281
4d545f534f4e4943334b424f53534558504c4f4445	55
4d545f5350494e44555354	523
4d545f5441494c534f5645524c4159	4
4d545f545241494e43414d454f535041574e4552	343
4d545f574f4f44444542524953	653
4d545f59454c4c4f57425249434b444542524953	656
5052454349505f534e4f57	2
5052454349505f53544f524d	1
5052454349505f53544f524d5f4e4f5241494e	5
5343523732303031	0
5343523732303032	0
5343523733303031	0
5343523733303032	0
5346585f616d62696e32	84
5346585f616d62696e74	22
5346585f616d626d6163	38
5346585f616d77747231	47
5346585f616d77747232	48
5346585f616d77747233	49
5346585f616d77747234	50
5346585f616d77747235	51
5346585f616d77747236	52
5346585f616d77747237	53
5346585f616d77747238	54
53465f4d414348494e457c53465f444153484d4f44457c53465f4d554c54494142494c495459	19456
53465f4e4f4a554d505350494e7c53465f4e4f4a554d5044414d4147457c53465f4641535445444745	8576
53465f4e4f4a554d505350494e7c53465f4e4f4a554d5044414d4147457c53465f4641535457414954	4480
53465f5355504552	1
53465f53555045527c53465f4e4f53555045524a554d50424f4f53547c53465f43414e4255535457414c4c53	786433
534b494e434f4c4f525f424c5545	86
534b494e434f4c4f525f42524f574e	17
534b494e434f4c4f525f4359414e	74
534b494e434f4c4f525f474f4c44	48
534b494e434f4c4f525f47524559	4
534b494e434f4c4f525f4c4156454e444552	28
534b494e434f4c4f525f4f52414e4745	44
534b494e434f4c4f525f505552504c45	94
534b494e434f4c4f525f524544	33
534b494e434f4c4f525f52555354	45
534b494e434f4c4f525f5348414d524f434b	62
534b494e434f4c4f525f534b59	77
534b494e434f4c4f525f5748495445	1
534b494e434f4c4f525f59454c4c4f57	51
535f4547474d4f42494c45345f524149534531	519
535f454747524f424f315f504953534544	537
535f494e56495349424c45	2
535f4c4f434b4f4e494e4631	2200
535f4c4f434b4f4e494e4633	2202
535f4c4f434b4f4e494e4634	2203
535f4e554c4c	0
535f5441524745545f414c4c444f4e45	1515
535f545241494e43414d454f535041574e45525f32	1441
54414148494e54	0
544141504f5354	0
544141505245	0
54414348494e54	0
544143505245	0
5441444641494c	0
54414448494e54	0
544144504f5354	0
544144505245	0
54414a48494e54	0
54414a505245	0
54414d48494e54	0
54414d504f5354	0
54414d505245	0
54415348494e54	0
544153504f5354	0
544153505245	0
54415748494e54	0
54415748494e5432	0
544157504f5354	0
544157505245	0
54485a414c54	0
544943524154452a33	105
544943524154452a34	140
544943524154452f35	7
